5375530,1
326177,1
333206,1
336710,1
342336,1
346130,1
353002,1
356811,1
358837,1
361779,1
362650,1
378748,1
383479,1
414146,1
1042773,1
1125087,1
3144403,1
3200005,1
3328061,1
3467892,1
3467903,1
3743855,1
4095885,1
4267153,1
4270354,1
4397414,1
4638936,1
4648934,1
5391810,1
5700640,1
5746282,1
5755250,1
6792727,1
6805462,1
6858544,1
7251736,1
7529213,1
7667239,1
7924630,1
7937695,1
8162065,1
8208811,1
8208840,1
8209140,1
8209170,1
8209261,1
8209531,1
8631231,1
8632530,1
8713342,1
8730793,1
8802597,1
9214772,1
9351306,1
9421457,1
9428141,1